USER	FIRST_NAME	LAST_NAME	EMAIL	PWD	MOBILE	VOICE	VOICE_EXT	TOTP
gsarjant0	Georgeta	Sarjant	gsarjant0@va.gov	$2a$04$au5o0xgy2dQqAwr.KnhryOZGtL4lcE.4M.KUBfmaRLukbqjNwpFV2	119-730-8640	910-122-8015		
ccastagne1	Christophe	Castagne	ccastagne1@craigslist.org	$2a$04$afQK.dIMNEl3xCMd9IlqNOigRKszwakHkAPW999no2xO250JtNJeq		685-417-1149		
mstratiff2	Mariam	Stratiff	mstratiff2@prlog.org	$2a$04$FgJzFKa6/NzgtS6CjojjoO7VCxEfiq58ikKKmt4gyM2/wOAASsF7.	948-305-2080			
skoppke3	Sandy	Koppke	skoppke3@wordpress.com	$2a$04$0Bw2l6SfW59w3GypsQTMKeYF.OrmKQ6fO3.63z2.lK.8BRh3wJlnK	856-923-4357	111-809-3651	5425	
dflewin4	Dino	Flewin	dflewin4@marketwatch.com	$2a$04$JzuM/zjS0Q2e5cX4lhuew.p5MU80buRusi8aTsixwiaBy0ZMafGg6		132-957-4913		VSCFD63FARAPQGQRUAGTNK3HPY
cgurwood5	Cobb	Gurwood	cgurwood5@va.gov	$2a$04$v1Cie4y.Tu/0d0XlDKedUuDNf4W3TKdzAacwGRXfpRcKwqoXZjfiK		643-209-8788		
gwoodford6	Gerhardt	Woodford	gwoodford6@livejournal.com	$2a$04$gHWtgvt3QGtAJLTFBtEfn.ZjrA9TmUuVbDFZgDH4f3LnWIHjNiqtq	998-394-0207	551-451-5458		
jjukubczak7	Jasper	Jukubczak	jjukubczak7@stumbleupon.com	$2a$04$khw38j86AESk2yl46YAH8e765x2Nsuz4NZ0CDNNNJ4X603oYNw0uK	695-810-7133	540-322-7442	1273	
lhooks8	Leila	Hooks	lhooks8@amazon.de	$2a$04$kpQacYPUJ.ixbQ3q3vF7U.MtJyWnmme6T7sSf.opGoKq70swK5ceK		631-346-2908		
brominov9	Brendin	Rominov	brominov9@yellowbook.com	$2a$04$GuMs7MgSOU5uE46uV93jdeM.rxIcdACKRmUOYAC960uiXMlWuXAAe		562-826-4910		
mwilseya	Marcela	Wilsey	mwilseya@accuweather.com	$2a$04$AEygrtLd07Y8DofsEzQiC.mWhsCxNEva2g6L5GQWxrcfaS.u75vRa	757-387-4640	442-256-0391		
dsolwayb	Dugald	Solway	dsolwayb@marketwatch.com	$2a$04$TvIFdvwUpVM6lRK0nZ54DuXUqV.Xgl88QkbBsaG54spWg51P5fCPG	428-897-7313			
dbrewittc	Dagny	Brewitt	dbrewittc@wix.com	$2a$04$5veDhykYve9ofMJ6AixGE.YiAh/fVGNX10bwCgROjrq7T9JV5s.zC	566-297-9323	325-164-9476		
jchungd	Jeremy	Chung	jchungd@google.it	$2a$04$9Ro/ZeaamxDUlptIIqHLROHKo75RW9pYmIr.C5G.NOihb.bL3TcIy	975-620-7303			
abeardowe	Ayn	Beardow	abeardowe@ifeng.com	$2a$04$.nBNGE1lpBEPtTL4YdR3eeDGoBwMb471cnQLJC1N2sZc3GxFyMzhO	180-608-3377	875-701-2512		
zplessingf	Zora	Plessing	zplessingf@aol.com	$2a$04$/eqfBME65rz4OcOqY6uqaeYTVXEffrSjT9ZhhWRR5UzOSUCKqkHHO	342-499-9340	476-700-5949		E6QUV4ZFSH65SZM3FDU5HE2MR4
htapeg	Hannie	Tape	htapeg@discuz.net	$2a$04$k4i6yr16Kzkul.VeUbqrOuVJv3G8krZIKHh2WzOwpo7kNuKFeFyga	770-808-0588	311-818-3874		
ngeorgievskih	Noll	Georgievski	ngeorgievskih@pcworld.com	$2a$04$zR..kAKv7MkoG6oMmoV.gevjAT2OhARA8BY8IiZ/hRIWhYKOcoOyC	958-773-0511	539-466-0253		
rhanshawi	Raul	Hanshaw	rhanshawi@nba.com	$2a$04$B/msfRy8kbeWA9XJRTDl/eC1c6sGUq3Zc9qMZzs//lHthuhfW.qPO	417-909-7931	746-428-6495		
bgeneverj	Boone	Genever	bgeneverj@buzzfeed.com	$2a$04$EemzFwytrEwHLyk2mjhkUuXM6sQjH7owjPRStHaEKx22cKwaWLnmK		395-385-4216		
lpapek	Liam	Pape	lpapek@sitemeter.com	$2a$04$MiPzYvLeGIBM8PLSvNplVuidLLR.oRgYlHh16p.Ejyx2udo3EyIbS	513-370-8250			
lfitzpaynl	Laural	Fitzpayn	lfitzpaynl@wsj.com	$2a$06$QagFSfVcBlyjkvU5TvnX.OMTBHW0SkOI0ZeQkT0kZKMoDB6wPE8uW	571-263-3818	841-996-2502		
lburstowem	Linn	Burstowe	lburstowem@census.gov	$2a$06$K53DtjAcfC3dnQE2ru9Cae2BFdLGdeb/kXwXgvaHeFo/7dKBDhZca	654-744-2623		2959	
byouteadn	Brannon	Youtead	byouteadn@samsung.com	$2a$06$bbEDkWZqQkHVEPRe49HKIeYdwzOuYOWb/Qd7GVRPDKV4n6CkxJFQC		139-260-5374		
agladtbacho	Annaliese	Gladtbach	agladtbacho@state.tx.us	$2a$06$Jjh4FZUtLLrSZgZtopyieu5IvpTioOIS3K6cj2Aej3XJ4396UAk7O	373-104-5611			
raylottp	Reinhard	Aylott	raylottp@nhs.uk	$2a$06$Cm8DxnWbONEtiaSGaZzDz.cui1i3XnQJYgh440RtdKJqjQeJ9UbTO	307-938-1229	133-746-8916		
jdawnayq	Jermaine	Dawnay	jdawnayq@cafepress.com	$2a$06$KFh9Uk8VEqiE8elgXbVTkOBFDxJIyCKH40fksLdAWkjTSVaWuAczW		922-514-4794		W4S26YBUP6VLMX6LTNNX3HYFF4
egibbesonr	Editha	Gibbeson	egibbesonr@craigslist.org	$2a$05$Hd45QZhcKU5cuVjB3SGXceRXDUQTq/cS.fisPoBtaEVg9vMYv//w.		508-118-4287		
hstitchs	Hoebart	Stitch	hstitchs@rakuten.co.jp	$2a$05$xm18LyK1nw79OzyJahzezuxyKR97Otws4xoYLYwi9RRD1rL/qhtzq		504-460-4514		
lpainet	Leanora	Paine	lpainet@disqus.com	$2a$05$7NOt1mvjPdhwRhQUpyHEseHtYo/QpSBTCu1HcQeUBageJdxGJVu8q		590-535-0946		
rtuttu	Reagen	Tutt	rtuttu@ca.gov	$2a$05$uc4jqcXXl4LAxUkmBVswW.Yeuip4wjxJKm8uIKMTtmNYhiVTFm1PS	877-268-2769	486-105-2726		
broathv	Boycie	Roath	broathv@tumblr.com	$2a$05$Fnew4wsXDgXlLmU4Z9EZpeEdwJvWi89FXte1qCjq3ThvQr/fvD9Zu	909-620-5695	697-859-8545	1093	VX2NQXP3AG43QG3IADM3IVSQFA
szupow	Sayre	Zupo	szupow@latimes.com	$2a$05$xo3DRiDDo0hdYUmPbRFoL.RSnFuTmRhtKAu2PL9Wlk/HZdi3imFaO				
nkubacekx	Neils	Kubacek	nkubacekx@booking.com	$2a$05$9jWM4asHGZlavGbFIeqvGOt2xKTL5yi8YDKlqSPAbMldjc3ggyOpy	152-225-2874			
rtomadoniy	Raimund	Tomadoni	rtomadoniy@blogspot.com	$2a$05$vPQCQU2oix7kXvgVphY/V.uUTz1S27X3rjm.rwrQzkZMC/UulH50m		141-916-8043		
yrhymesz	Yardley	Rhymes	yrhymesz@theglobeandmail.com	$2a$05$nqeCITBP9bIhzR9dYXXKXux7xUCbZcbCHydpa2wA/K.4n/C2Bodse		496-620-0601		
kdudson10	Klarika	Dudson	kdudson10@columbia.edu	$2a$05$n86dKNMwYfdbBlqnJJf2TOlljTOL.kOH1X12YcLSDVnfWJNVKpdVe		564-405-5990		
mancell11	Marlie	Ancell	mancell11@webeden.co.uk	$2a$05$7ezj8mixdFGyMMpUgI1Lw.rnOWllYx9q.myjaGbhq6Bc7b0/WBYKy	964-750-8915	898-764-0607		
cgarroch12	Chan	Garroch	cgarroch12@eventbrite.com	$2a$05$fYZpPad/bAtBD0Oz3aXO8.rhbj0o0cOeeUrdTU3/mpgVFUol./NCO	906-237-4328		2909	LEGP5JW5C2XF5BNMWZ6LNQ2BNA
ajudgkins13	Andie	Judgkins	ajudgkins13@163.com	$2a$05$/6zoS1uy806kxMGQHbB/UuxQCuc9vft.h.hR2S/1N3F4cKnQbG/tW		124-627-7600		
iclayfield14	Ichabod	Clayfield	iclayfield14@amazon.co.uk	$2a$05$mShAho0gCoGz.lDrYMzmVeldOKRIi4xbIQd6VdSBCpOX3zcyMEOle				
rrobbe15	Raddie	Robbe	rrobbe15@loc.gov	$2a$05$W0xm2sz/7T.0R0.P2sYPUerfRSkl4ib5OjozNXeZPQFP9rfzorrd6	852-253-3436			
lpowe16	Letitia	Powe	lpowe16@alibaba.com	$2a$05$cm6Fr/sMtClfsJtDdyatV.XpIYU2RF./Cre.ASH0UXbLZrRSnIkDS		688-426-2873		
hbeane17	Helenelizabeth	Beane	hbeane17@army.mil	$2a$05$p3KgBtWrmubfO.Nmu40aUuhE4H9poa0qOcHaNUzLzuQ8v4gsyqQnK		457-858-9803		
ameiner18	Adorne	Meiner	ameiner18@e-recht24.de	$2a$05$NQMa3tTqhuFMlWPeDQ7/LOu/GqQ3JdM7frGRiuAaqVmUP3tkChjm.				
ipython19	Ivonne	Python	ipython19@jalbum.net	$2a$05$ofi7jYrqWSVE1k4BAQbj9OWs3LgvtRXQ8pIy.15V5RGMwrAtGkB5C		122-489-1179		
lbetchley1a	Luisa	Betchley	lbetchley1a@dagondesign.com	$2a$05$B0Guci7E6mmJe/OMg4Dx9OXY26dmN4gck/gQ/V7esHX9gTAz8bo1y		147-320-8868		SBNWYRRHGKZDCMDASCAG3HYZ5E
hambroziak1b	Henriette	Ambroziak	hambroziak1b@4shared.com	$2a$05$0yUVMsIXL0t.7ApfyoorD.b.HN8IcpfMoKkFFKa5i1R0iOeC/qS9C		416-433-8524	1116	D37MEZXL2ZLK436QFWLECS7DQQ
bbonney1c	Bartlett	Bonney	bbonney1c@reference.com	$2a$05$dXUD5Czbh03FcQ579Cb7punGRHzbjlU8v92ogjt60rlGNj/WqvaKK	654-271-7360		5520	
escutts1d	Erik	Scutts	escutts1d@pinterest.com	$2a$05$LFtbRGp4RQQlMp4YEC0TIuuVGjv2PJSNGfaUbSxLrEexaQddYap9G	770-969-3565	386-619-9337		
